ID,Zip,BirthMonth,TotalSales,TotalSavings,TotalVisits,LastVisit,ReferralCode
542429,35118,,1119.1700,123.1900,17,2009-05-09 17:09:32,Friend
542430,35242,,489.4500,0.0000,8,2020-02-29 14:09:52, 
542449,35674-4827,,1109.7000,114.1800,7,2007-11-12 13:53:55, 
542461,35121,,2438.4700,146.0000,24,2019-08-17 12:42:58, 
542462,35210,,2045.5250,97.6000,13,2015-12-19 16:42:21, 
542469,35490,,1264.5300,57.8500,10,2008-02-03 12:51:36, 
542512,35661,,1062.5700,38.1400,26,2008-05-27 15:28:01, 
542525,350051593,,139.5000,5.2400,7,2012-05-24 14:15:37, 
542558,35976,,1311.8492,29.2700,30,2016-09-02 15:39:12, 
542617,355045628,,698.1220,70.9800,17,2014-09-29 14:04:10, 
542626,840033730,,2531.1430,216.5100,26,2007-12-01 17:48:06, 
542631,35758,,197.5400,21.4600,9,2008-10-03 12:35:54, 
542660,35640-5405,,3786.4200,110.6000,19,2017-05-11 17:34:49.700000,Catalog
542661,35040,,2309.3040,190.5000,57,2013-08-17 09:50:03,Friend
542663,35235,,1059.6000,117.6900,13,2011-01-28 18:52:11, 
542682,35242,,2916.9700,463.4400,32,2020-03-04 15:21:25,Friend
542687,35244,,2338.9100,148.3100,48,2019-12-13 12:33:51, 
542688,36401-7203,,1261.7500,108.6267,12,2009-03-24 12:48:55.017000, 
542700,36207,,4533.4000,48.0000,11,2008-05-01 12:37:09,Friend
542756,35171,,459.5300,34.0000,7,2014-12-16 15:34:14, 
542772,35205,,249.8700,0.0200,7,2009-04-09 15:53:50, 
542793,35244,,195.1400,22.9600,12,2015-08-09 12:33:12, 
542814,35173,,730.1800,22.2500,11,2019-09-07 10:14:04, 
542856,35071,,2876.7849,261.1700,33,2018-12-15 10:08:11, 
542869,35242,,5681.7700,832.1623,79,2020-01-05 14:08:36, 
542875,35640,,2021.4000,83.6500,13,2010-06-26 10:29:02, 
542890,352161716,,591.9600,47.0000,11,2007-01-06 10:22:44, 
542895,35115,,5040.2100,132.4650,46,2020-01-16 10:05:11,Friend
542912,35120,,465.6400,70.9600,9,2014-12-02 10:18:29, 
542921,35173-2226,,284.5400,16.2300,7,2008-12-03 13:00:00,Catalog
542964,35023,,4971.9100,248.4600,23,2015-08-13 14:31:55,Internet
542965,35226,,505.8500,9.6000,11,2017-04-29 16:18:57,Catalog
542972,35146,,668.5000,18.3900,32,2009-05-29 12:45:44, 
542984,35022,,1921.7530,10.0000,22,2019-11-17 15:15:10,Brochure
543021,352264161,,196.9400,21.4800,7,2014-08-05 14:29:16, 
543030,359536436,,768.5200,34.3700,12,2007-08-15 09:36:59, 
543036,35209,,648.5100,100.1100,11,2011-02-01 14:33:29,Friend
543083,352263206,,2044.9100,41.5000,24,2009-01-27 11:11:25, 
543156,40403,,337.8900,11.9834,8,2019-10-30 14:15:08, 
543176,35180,,601.8400,24.5100,11,2014-12-12 12:41:19,Catalog
543191,35243,,130.4900,27.2900,7,2014-05-10 11:10:18, 
543218,35226,,864.2400,36.8400,19,2017-10-01 13:35:06, 
543228,35040,,271.0300,3.7500,13,2020-03-07 12:52:50, 
543242,35022,,3924.6150,812.5100,50,2015-06-15 15:33:17,Friend
543244,35051,,1104.1500,54.4400,11,2015-01-08 13:19:03, 
543277,36782-4842,,2234.1100,233.9800,10,2017-12-20 18:07:37.813000,Catalog
543327,36067,,508.3300,135.1078,10,2019-11-30 16:05:22,Brochure
543338,35124,,1221.4300,18.4100,17,2013-02-16 12:42:08, 
543339,35404-4015,,350.3500,114.4100,9,2016-12-06 12:10:45.997000,Catalog
543343,35210,,496.5030,65.6900,9,2019-06-21 09:52:20, 
543370,35244,,70.4500,1.5100,6,2014-01-30 13:33:34, 
543373,38477-6555,,936.3600,339.7100,23,2010-10-16 14:09:41.273000, 
543382,35630-3434,,134.3000,14.4600,7,2012-02-11 12:11:31.180000,Friend
543385,27517-8927,,8248.7600,1377.4700,69,2019-10-16 14:40:12.873000, 
543400,36207-1020,,1159.4360,112.1600,11,2009-03-30 12:47:39.560000, 
543404,38111-4525,,474.3500,75.9400,7,2014-06-01 14:09:12, 
543405,35213,,599.8900,55.6000,21,2015-01-29 12:26:58, 
543416,35007,,9674.9800,685.4200,92,2019-12-16 15:27:13,Friend
543418,30161-6041,,592.0200,1.2100,6,2007-05-09 10:37:00, 
543426,35079,,230.1812,5.8200,6,2019-08-13 12:49:03, 
543436,35209,,1429.7400,179.0500,21,2020-02-03 14:27:01, 
543438,35987,,308.7074,17.3501,11,2019-11-30 11:06:52, 
543444,35802-3963,,386.6800,25.9100,17,2016-03-28 10:22:17.247000, 
543453,35116,,1091.3550,57.0100,18,2018-10-09 12:54:49, 
543459,35747-8882,,725.8500,0.0000,17,2018-04-21 14:14:18.470000, 
543460,35007,,381.0290,25.0000,9,2012-12-20 13:14:00, 
543461,35244,,683.4470,25.8100,13,2016-02-12 16:54:34, 
543469,35209,,778.2000,25.5000,19,2013-11-22 17:11:44, 
543472,35244,,226.6500,0.7400,17,2010-04-19 12:02:14,Friend
543474,35033,,327.1900,25.0500,10,2006-01-21 18:48:54, 
543476,35475-3649,,2625.8000,525.0300,32,2017-07-07 16:58:07.780000,Catalog
543477,35209,,1228.8600,17.1000,13,2017-07-25 12:36:11, 
543480,35115,,344.7800,85.5000,9,2014-04-01 18:35:46, 
543483,35758-1235,,1861.3200,158.0800,37,2017-04-04 12:09:11.457000,Friend
543490,35173,,785.1300,44.2580,20,2010-03-04 10:44:00,Brochure
543498,36066,,1002.7950,107.8020,18,2018-03-31 13:35:16, 
543506,35045,,210.3400,9.6000,6,2016-10-19 12:56:28, 
543523,35007,,383.1800,0.0000,14,2016-12-16 13:25:29, 
543535,35456,,382.7200,38.5600,7,2013-01-29 17:26:36, 
543547,35406,,505.5500,5.0800,17,2014-05-03 09:52:15, 
543563,40475-2247,,1014.4600,84.3900,51,2014-04-30 17:26:01.960000,Friend
543566,35906,,627.5480,59.8444,12,2010-01-09 12:27:10, 
543570,35226,,431.7700,0.0000,8,2016-01-28 14:13:05, 
543572,35115,,225.0700,10.0000,13,2018-04-04 10:17:34, 
543574,35216,,13791.2475,1839.6690,238,2020-03-18 14:31:35, 
543576,35007,,1949.0100,67.9900,12,2012-06-14 10:17:20, 
543591,350803748,,137.9100,7.5000,8,2012-09-06 16:25:12, 
543611,324092371,,327.2700,8.4900,8,2006-11-22 12:35:42, 
543628,35603-1526,,5120.2500,384.9900,38,2018-07-11 13:25:44.363000, 
543652,35806-1949,,3222.6300,250.4300,26,2016-07-01 10:17:49.500000,Catalog
543673,35147,,516.8400,18.6500,8,2020-02-19 15:33:53, 
543735,352133625,,3298.0440,306.0500,24,2016-03-26 15:12:32, 
543782,36066,,3739.1056,141.8744,51,2018-08-23 14:35:05,Catalog
543788,36066,,3314.7200,221.4600,25,2012-10-06 13:02:54, 
543792,350804108,,353.3200,12.1600,21,2019-07-23 16:41:17, 
543794,35210,,4491.1500,466.5900,14,2009-10-23 11:05:37, 
543806,35173,,148.4100,31.0000,7,2016-12-20 15:53:23,Friend
543807,35242,,616.2800,51.0100,10,2009-11-08 16:17:37, 
543836,35006,,1538.8500,90.2078,12,2009-12-12 08:37:33, 
543843,35133,,2400.9100,170.9100,36,2009-12-18 11:10:37,Catalog
543844,35146,,3316.3910,150.1100,40,2020-01-19 12:27:16, 
543867,35014-6006,,2000.5600,365.6700,34,2014-06-14 11:18:16.223000,
543886,35242,,240.9100,17.6500,10,2019-06-14 16:50:11,
543895,35242,,392.0200,44.9700,15,2010-06-29 15:45:33, 
543900,35242,,339.0500,0.0000,7,2015-01-12 14:25:21,Friend
543921,35953,,1392.7240,308.1600,8,2010-06-19 13:22:24,
543952,35115,,149.4300,0.0000,7,2019-02-27 09:58:19,Friend
544015,352224108,,5663.5702,341.7900,70,2012-01-27 11:46:58,Friend
544026,35124,,194.5000,4.6000,7,2016-09-29 11:52:11,
544027,35080,,3761.6772,83.5500,42,2010-11-12 15:28:56,Friend
544028,352424142,,15469.4300,623.8100,194,2020-03-05 11:41:37.237000,Catalog
544063,35062,,654.2900,13.4700,19,2015-08-06 15:55:31, 
544095,351731807,,1700.5000,213.9000,16,2018-08-20 10:52:49, 
544102,35126,,1114.4455,21.4100,40,2019-03-14 13:09:27, 
544115,35188,,2260.6254,192.8600,25,2019-10-22 13:54:04, 
544116,35055,,1642.3700,25.2400,16,2011-07-20 10:19:40, 
544119,35127,,1004.8300,213.2600,11,2014-03-02 13:10:42, 
544211,35594,,193.1300,0.0000,7,2008-10-11 09:49:15,Friend
544224,359015546,,2983.6800,196.7500,24,2017-05-27 10:28:19, 
544228,36117,,7658.5965,469.9750,56,2020-03-15 14:01:12,Friend
544229,35763,,2644.9200,102.3100,10,2013-03-09 13:11:09, 
544301,350353527,,2710.7400,200.1900,33,2016-02-05 09:35:24, 
544318,35044,,660.5000,33.5900,15,2013-11-01 10:38:46, 
544322,35242-6422,,1489.3700,220.0000,12,2011-09-08 14:24:42,
544374,35244,,5223.8900,717.9500,46,2011-11-14 16:21:49,Friend
544382,35151,,846.6767,159.6180,17,2020-03-09 13:57:21,
544396,35150,,1474.0220,155.6900,38,2018-12-04 11:57:26,Catalog
544442,35128,,476.9800,0.0000,16,2012-05-02 10:55:56, 
544458,35209,,665.1700,34.1700,11,2017-10-13 13:21:26, 
544477,35226,,764.2800,69.6400,8,2019-03-04 10:07:17, 
544484,35022,,3028.4800,141.3000,61,2019-05-16 12:14:51,Brochure
544500,36748-4448,,1047.7000,193.7400,18,2020-01-18 12:43:02.160000,Friend
544528,35404,,2622.8100,613.4900,16,2016-12-09 14:49:12.513000, 
544530,35080,,349.1100,58.2500,8,2015-08-31 15:01:41, 
544574,35004,,254.9700,24.5000,6,2018-08-15 09:42:19,
544606,35022,,2238.6325,1687.7558,89,2020-01-12 13:02:50, 
544624,36078,,1885.9599,74.2200,14,2017-03-09 10:43:07, 
544675,35475-3604,,414.7200,3.8500,10,2014-10-03 15:14:01.957000, 
544713,35473,,3958.5210,226.9600,29,2014-06-20 10:51:09, 
544721,35242,,396.3400,8.6100,16,2015-05-22 15:01:45.253000,Sign/Drive By
544732,48653-7900,,127.8200,3.0000,10,2009-03-13 12:05:34.337000,Sign/Drive By
544733,34638-7982,,623.8000,148.0000,10,2009-01-17 17:04:00,
544737,35242-6433,,7226.7100,361.7300,37,2018-08-21 10:36:27.217000,
544742,287307736,,1220.2500,3.9400,12,2010-03-16 14:29:10.053000, 
544744,36064,,2074.5600,140.2800,16,2010-05-25 12:32:22.610000, 
544748,35056,,9711.4685,791.4490,18,2012-11-27 14:05:45,Catalog
544757,36853-6401,,206.8800,10.0000,6,2008-01-08 10:42:00,
544760,35805-4935,,2081.5599,155.2900,23,2008-04-02 11:34:27,Internet
544761,35603-4012,,2832.5350,60.2600,18,2009-11-14 17:24:56.880000,Friend
544783,35763-8528,,1010.8200,39.4200,14,2007-11-01 12:39:00,
544787,54426-9341,,638.7600,15.0000,12,2008-08-21 19:31:00,
544791,35226-1422,,3402.6300,990.7860,36,2014-03-29 15:26:58.030000,
544801,35244-8205,,4120.3000,190.0000,30,2007-12-14 11:09:29,
544826,46816,,2300.7700,330.8900,25,2020-08-11 12:09:31.267000,
544827,48315-2809,,66.9400,0.0200,6,2004-12-14 11:08:01,
544840,33804,,8514.5200,44.6000,38,2020-04-13 13:24:37,
544866,35244-8259,,1621.4000,138.0000,16,2010-11-03 10:30:54.513000,
544868,39701-9047,,428.8600,0.0000,8,2009-11-14 11:09:22,Friend
544872,32506-5978,,658.6600,0.0000,6,2010-12-24 12:00:41.180000,Sign/Drive By
544882,39759-8239,,2235.8700,228.1700,12,2011-07-28 11:37:23.550000,
544891,37330-4317,,4628.3900,50.0600,23,2018-11-10 17:48:01.180000,Friend
544899,1,,1304.1410,10.0301,34,2012-06-28 08:55:20,
544901,35763-8657,,1013.4000,56.0000,36,2011-08-02 11:00:58.987000,
544905,26104,,208.1800,376.4600,2170,2011-08-26 14:43:09.370000,
544906,32331-3865,,4207.4800,1.0200,32,2011-06-30 10:31:48.640000,
544909,40517-3590,,178.8600,0.0000,8,2011-07-10 17:31:07.030000,
544916,35806-1272,,223.6600,0.0000,10,2011-10-08 15:20:50.340000,
544921,362030680,,350.5800,16.7800,8,2011-03-30 14:19:03,
544922,34221-8449,,3705.6600,1957846.1400,28,2012-03-02 10:04:10.787000,
544930,80541-0144,,1238.7600,3.0200,12,2013-01-03 20:01:07.083000,Catalog
544938,34685-1639,,404.5000,0.0000,8,2012-02-21 11:17:50.850000,
544944,37343,,13231.4300,880.0000,26,2012-05-23 16:06:22.073000,Friend
544945,35226,,904.9000,0.0000,14,2012-05-26 10:14:33.603000,
544950,39074,,2772.8880,56.2400,14,2017-12-29 10:01:37, 
544952,37036,,462.3800,109.8400,10,2012-04-27 15:55:18.467000,
544962,40977-8313,,1105.4100,32.2700,22,2012-12-07 11:48:40,
544973,35016-1943,,3078.7600,375.0700,28,2017-08-19 13:56:23.683000,
544984,35952,,10429.1861,600.0800,90,2020-02-28 13:38:17, 
544986,37042-6945,,2454.3800,60.4800,46,2018-10-15 10:25:20.843000,Catalog
545038,351803022,,2324.8500,87.3800,28,2017-01-21 15:46:37, 
545059,35504,,2437.3500,204.3000,16,2019-11-10 13:47:10,
545062,49548,,21266.9300,0.0000,43,2019-09-04 09:04:21,
545091,35904-3641,,4044.4611,153.6400,45,2013-05-30 18:14:49.410000,Catalog
545107,350544629,,564.7100,38.4200,12,2019-08-24 13:44:42.717000, 
545113,45419-1522,,8963.4700,261813.5000,152,2020-07-23 13:37:18.170000, 
545166,35121,,5746.4400,520.2000,39,2019-12-03 16:39:31.420000, 
545168,35143,,702.6500,59.8200,17,2016-06-29 10:51:55, 
545251,352143227,,23862.3490,1349.2300,325,2011-10-25 14:23:08, 
545259,35188-3814,,1333.1800,166.5000,24,2010-08-12 14:50:31.893000,Friend
545266,35151-6330,,1632.6200,0.0000,8,2007-01-27 12:15:00,Friend
545280,36420-4118,,433.6100,40.5600,10,2011-03-31 17:04:50.440000, 
545283,72762,,18111.6800,683.7600,206,2018-07-28 14:30:22.510000,Catalog
545289,41216-8740,,1250.0590,154.4860,28,2019-02-26 12:58:38,Catalog
545290,49024-3324,,7453.3000,774.7200,42,2010-10-27 19:21:26.957000,
545294,39350,,3595.2100,153.1302,21,2012-02-10 14:00:40.713000, 
545359,35045,,1358.7000,192.9500,38,2018-12-04 10:54:44,Friend
545362,35111,,1042.3600,148.1500,28,2014-05-05 11:59:36, 
545378,352426891,,2061.4686,88.9438,21,2018-10-03 13:56:30.733000,Internet
545399,35401,,988.3540,55.7300,16,2006-11-02 12:06:50, 
545411,35242,,438.2800,88.7900,15,2011-02-06 12:26:29, 
545459,30655-4034,,2313.1000,404.5500,49,2019-11-18 16:44:38.690000,Retail Tab
545520,36109,,2072.5700,829693.3900,25,2013-01-13 16:09:24, 
545533,35120,,1021.2200,45.8200,27,2020-01-29 11:01:09, 
545534,39643-4973,,528.7300,51.7400,8,2011-03-18 14:12:38.127000,Brochure
545546,32608-5117,,686.9300,15.9600,10,2016-12-28 13:14:27.470000, 
545553,351243631,,1393.3000,130.4800,33,2020-03-02 12:43:02.450000, 
545559,36265-3712,,1195.6700,448.4500,9,2009-05-17 10:55:36.180000, 
545575,35603-2618,,1665.8600,125.6500,22,2013-02-13 14:01:47.640000, 
545576,370669104,,47570.9700,2621.3880,213,2019-06-25 12:27:37.140000, 
545580,49464-8364,,3239.7500,433.1300,33,2020-04-23 10:49:00, 
545615,35243,,190.1800,6.7500,6,2019-07-20 14:03:07, 
545851,35223,,340.1100,3.0000,7,2016-12-19 14:05:15, 
545859,35802-3134,,5477.5400,24.0000,27,2018-11-29 09:44:24.963000,
545876,32344-6100,,6941.7200,554.0400,38,2009-10-06 13:51:39.190000,
545878,39465-4109,,386.3400,60.4000,10,2010-07-30 16:26:33.570000,
545879,38004-7389,,252.9200,0.0200,8,2006-09-16 11:51:00, 
545880,35758-8520,,433.5700,22.7278,8,2009-01-16 14:29:51, 
545886,35205-2018,,193.1200,6.6200,12,2009-10-03 17:52:14.247000,
545895,33556-5202,,4149.1600,89.2000,18,2010-05-06 11:02:46.647000,
545900,35806-1272,,2113.2600,108.6100,13,2019-10-28 16:07:10.163000, 
545903,35806-1183,,296.6200,0.0200,8,2008-11-29 17:28:37,
545924,36541-6324,,21860.8600,1861.1000,370,2011-10-11 13:59:53.677000,
545936,36572-2860,,14959.0200,3735.0200,126,2011-01-24 14:24:59.803000,
545939,35758-7205,,3876.2600,233.6400,54,2012-01-27 19:00:42.880000,
545941,640145966,,1792.5200,143.9400,16,2010-08-29 14:46:23.947000,Friend
545945,30540,,721.2500,81.4000,19,2008-04-02 15:26:27, 
545971,35640-3011,,483.1000,19.5300,7,2008-07-27 15:46:00,Internet
545979,32547-6875,,219.9400,0.0000,6,2009-06-11 16:21:37.370000,Catalog
545981,35096-6333,,2363.6000,51.8200,14,2009-02-17 10:59:00,Internet
545987,35802-3648,,7731.1600,1238.6000,66,2019-06-10 15:20:37.810000,
545989,61761-5475,,5497.5800,2504.4000,28,2013-06-08 18:07:44.927000,
545999,39455-7635,,1099.9000,150.0000,8,2010-02-12 17:27:26.277000,Friend
546005,36853,,3542.8200,269.8200,14,2013-07-26 18:20:17,Friend
546010,35803-2017,,4491.3600,330.6400,14,2010-07-28 11:46:11.360000,Catalog
546012,35173,,1990.6500,132.6200,34,2017-10-23 13:52:36,Competitor Referral
546027,36567,,1964.3700,157.3700,8,2017-11-11 13:20:30.590000,Catalog
546041,35763,,8439.0300,518.7700,32,2019-02-10 12:54:33,Friend
546070,35215,,345.2600,1.2500,24,2013-09-11 14:01:22,Friend
546078,35243,,209.5110,18.3200,20,2015-12-11 13:33:20, 
546107,36078,,2339.5800,61.5300,39,2013-10-12 16:39:36.260000,Friend
546110,33956,,1768.2600,533.6600,11,2019-02-05 12:35:17.790000, 
546114,31087-4607,,1805.5000,187.4200,36,2013-10-23 12:00:54.017000,
546153,35085,,1292.0100,22.7800,14,2020-03-20 13:46:03,
546157,35673-6507,,8626.4000,1481.8800,56,2013-11-06 15:45:36.980000,Catalog
546198,35022,,561.7400,46.6700,23,2012-11-30 10:45:26, 
546211,351144807,,633.4400,10.4200,16,2013-12-17 19:13:14.563000,
546244,36109,,942.2200,36.2200,24,2013-12-16 12:48:37.820000,Friend
546250,38469-2342,,4482.7300,557.1500,51,2016-08-12 17:36:23.777000,
546254,39422,,375.6800,69.9800,8,2015-01-15 11:52:27,
546257,36265,,396.0400,0.0000,6,2014-01-24 10:21:47.753000,
546261,641371535,,5851.3097,1553.7770,138,2020-09-08 09:32:22,Friend
546264,35115,,877.2900,124.8000,39,2016-07-21 14:15:21,Catalog
546298,35043,,4846.3600,672.9800,13,2014-03-14 12:29:40,Friend
546302,36207-6924,,4491.6300,620.1000,64,2019-05-02 12:48:44.030000, 
546305,36305,,7822.4300,519.5800,37,2014-03-14 11:35:18.183000, 
546317,34209-9528,,3638.5200,190.4400,42,2014-03-08 12:18:39.373000,
546336,72712-8993,,18991.7200,1883.5500,216,2014-04-18 14:28:53.227000,Friend
546370,35209,,559.6800,99.1000,19,2017-07-25 14:26:51,Friend
546377,346383591,,25046.4500,1255.6600,161,2020-02-10 10:58:20.660000,
546408,36801,,12838.1700,360.0700,43,2016-02-13 11:59:18.297000,Catalog
546413,35150,,819.6800,-62.2900,7,2014-12-31 08:40:52, 
546449,35242,,3033.2540,218.0250,98,2016-04-08 12:30:16, 
546484,351242531,,88.8700,0.0000,7,2019-09-08 16:43:25, 
546522,35210,,507.8200,2.7000,16,2016-06-17 10:44:16,
546525,35186,,527.3710,8.0000,18,2019-04-23 11:06:29,Competitor Referral
546526,35051,,825.6400,23.0500,23,2019-11-17 16:45:47, 
546550,350856349,,1214.4200,5.0000,16,2019-12-29 13:16:57,
546568,35180-4772,,715.2800,43.0100,19,2017-12-02 11:01:33.943000, 
546599,360062813,,2052.7500,365.6700,13,2016-05-21 14:19:23, 
546616,35045,,824.2300,34.8000,13,2016-09-15 15:28:29, 
546620,36106,,5598.7400,1272.5000,102,2010-04-09 15:41:36,Friend
546621,48346,,1183.9500,19.5300,33,2014-07-22 09:35:33.463000,
546641,34613-4878,,959.1000,46.4000,14,2014-09-26 09:05:25.497000,
546649,38017-1929,,3488.9400,468.1100,81,2014-12-15 12:49:23.080000, 
546652,32327,,2703.6300,162.7000,12,2014-12-28 14:47:39.680000,Catalog
546687,352265027,,1466.3000,111.4500,21,2015-02-26 17:50:07.703000,
546701,35244,,10651.9560,630.5700,48,2017-12-26 11:48:49,Magazine
546703,35956,,3645.5800,308.9800,26,2020-02-29 11:39:29.553000,
546705,35051,,766.1700,53.9300,16,2016-07-09 12:47:56, 
546737,35133,,1039.8494,63.2100,21,2015-04-11 11:56:56, 
546742,35209,,3761.3680,381.9700,9,2015-04-16 18:00:29, 
546747,49202,,254.9100,0.0000,9,2015-04-18 13:31:31.320000,Catalog
546765,36078,,866.7100,97.6500,22,2015-05-21 13:57:14, 
546774,35801-2476,,1089.7900,224.4100,13,2018-12-12 14:31:54.793000, 
546827,386545117,,2550.7000,400207.5600,24,2013-02-19 19:47:17.727000,
546843,35254,,10983.2300,238.9989,34,2018-06-19 12:14:11,Friend
546857,36460-2572,,1329.8800,60.6000,23,2019-08-10 12:00:09.667000, 
546870,351755234,,1183.2100,492.1600,13,2017-07-27 11:16:22.497000,Catalog
546880,352162355,,2399.9700,138.5200,67,2019-09-26 10:32:27,Friend
546899,724768497,,5273.5200,24.7500,18,2015-03-24 18:15:09.130000,Catalog
546943,360665344,,1324.6280,15.6400,31,2015-10-31 10:20:08,Catalog
546944,33919-4592,,1403.5400,62.0000,10,2015-10-17 14:32:58.960000,
546956,30906-9315,,822.0400,33.5900,13,2015-11-19 16:45:05,
546962,351282330,,1269.1900,43.5200,15,2012-07-22 13:44:01, 
546965,350435353,,726.2900,0.0000,13,2019-07-25 11:01:56,
546974,61614-8025,,13015.7600,2303.2000,208,2015-10-31 11:42:03.073000,
546993,35007,,989.6600,4.5000,14,2019-11-19 14:07:58, 
547009,352443916,,61.1500,0.0100,12,2014-09-17 12:25:05, 
547022,35243,,5684.1345,-541.1600,79,2019-01-09 16:51:35.877000,Internet
547040,35080,,3795.2900,319.5600,91,2020-02-26 18:40:59, 
547044,352133032,,4595.9800,47.1100,48,2020-02-14 13:45:23,Catalog
547067,35226,,678.8401,69.0500,12,2019-10-01 15:11:21, 
547069,352424216,,6279.9650,573.7790,122,2019-04-13 10:49:36.473000,Catalog
547094,35046,,1416.3900,230.5400,24,2019-03-20 15:28:38, 
547097,35127,,5415.7600,367.3500,72,2017-09-21 14:56:03, 
547118,359562030,,4545.5700,482.9700,45,2016-03-13 12:43:47.730000,Brochure
547134,87506,,549.8400,6.0000,8,2016-03-23 19:34:00.233000,
547164,35080,,908.8400,60.0200,14,2020-01-17 16:39:22.483000, 
547165,35022,,2407.2300,222.2800,55,2016-04-27 14:20:42,
547172,359678266,,481.9800,18.9500,11,2016-04-13 12:09:40, 
547175,359078029,,562.3300,16.1400,8,2014-10-15 14:49:52,Brochure
547178,352435340,,4693.9400,64.0000,73,2016-12-13 14:32:54.323000, 
547193,365331234,,4175.3800,35.0200,22,2013-02-21 15:59:27.590000,
547245,35121,,210.9700,15.0000,11,2017-09-10 16:37:50, 
547272,617449269,,633.5400,20.4000,6,2014-08-07 16:38:42.047000,
547280,362663928,,715.3700,81.0000,6,2015-08-28 10:31:41.547000,Catalog
547282,983460540,,983.2200,-64.0000,6,2016-03-18 10:33:29.073000,
547288,35115-9048,,1413.3800,75.4400,20,2018-11-15 13:28:06.633000,Catalog
547293,37377-3016,,1294.7400,213.0600,27,2019-11-12 12:47:01.143000, 
547313,35986,,855.0900,23.1300,17,2020-02-29 11:52:34.687000,Catalog
547315,334963277,,3988.0400,1175.7000,194,2016-09-20 17:52:05.937000,
547321,35226,,218.8900,10.0000,9,2017-05-16 10:20:54, 
547322,393058878,,1969.8800,85.1900,9,2018-03-15 16:18:12.897000,
547331,39111-3451,,3926.4400,246.1000,34,2016-09-29 11:52:09.093000,
547335,66221,,1605.9200,168.6200,38,2016-10-09 12:37:34.463000, 
547348,36078-3349,,2084.1700,100.0200,9,2016-10-15 15:06:26.070000, 
547393,72715-4714,,671.4000,0.0000,18,2016-11-30 13:46:36.333000,
547416,35130,,1786.3800,72.8800,35,2018-12-18 10:24:06, 
547431,52146,,2185.0000,118.2400,53,2016-12-15 11:56:35.720000,Catalog
547443,36750,,3837.3800,145.0200,19,2020-04-09 07:18:19,Friend
547457,35150,,2376.8300,6.4100,65,2017-05-08 13:49:13, 
547458,35206-1807,,1067.0000,11.2400,12,2017-01-09 16:05:07.790000,
547463,731501709,,330.0800,0.0000,8,2016-12-02 15:14:22.317000,
547472,35124,,376958.3000,22644.7000,14775,2017-01-24 16:26:27.227000,
547499,35613,,2485.6000,131635.6200,35,2018-04-22 16:06:12.700000, 
547526,25564,,4656.5800,421.5200,44,2017-02-28 17:32:18.217000,
547527,35173,,4025.4000,404.4100,79,2017-03-25 12:50:38.613000,Catalog
547534,72758-7530,,2567.4600,91.8600,38,2017-03-17 13:11:56.490000,Friend
547546,35080,,4774.0800,341.0900,85,2019-05-18 10:07:59, 
547597,35578,,245.7700,50.7000,12,2020-01-23 14:56:35, 
547602,35188,,475.7490,0.0000,14,2019-06-14 14:00:42, 
547604,351154381,,1703.4000,252.9300,25,2019-10-25 16:34:17, 
547620,39470-3502,,4771.0600,255.3500,26,2015-06-17 14:11:27.143000, 
547622,31014-8326,,924.1900,3.9000,14,2014-02-24 15:24:16,Friend
547625,36701-0336,,17003.4000,313.5400,38,2019-08-16 10:30:22.740000,Internet
547628,36608-2346,,6681.7600,477.1000,22,2014-06-19 10:23:54.530000,
547660,35763-8683,,1860.4900,262.0500,45,2020-02-11 13:56:44.310000,
547661,70809-2949,,1934.9600,34.0800,22,2017-07-20 15:37:24.590000,
547686,993239637,,4467.6200,52.8000,42,2017-07-28 20:46:09.900000,Catalog
547687,35222-3620,,5703.7200,425.9400,118,2017-07-28 15:40:40.590000,Internet
547702,35035,,19749.7285,11628.3688,823,2020-02-18 11:03:20,Brochure
547705,35049,,15127.2770,399.4800,56,2020-03-16 14:11:19, 
547709,35215,,665.5600,32.0000,21,2017-08-17 12:28:27,Friend
547717,421039770,,863.7300,37.1500,41,2020-01-08 14:22:03.030000,
547741,305233520,,9861.9800,1088.5400,58,2020-01-22 10:57:00.537000,
547763,80908,,8167.6600,2310.4000,80,2017-10-01 14:24:59.993000,
547767,35033,,888.5292,218.5000,22,2020-02-27 12:49:06,Friend
547773,32578-1718,,2862.1200,75.8200,34,2017-10-16 18:50:45.290000,
547793,366081411,,146.3700,11.0200,7,2019-06-24 15:41:44.667000,Catalog
547795,35405,,1258.0600,104.8000,24,2018-12-10 17:43:59.250000,
547801,35127,,3878.1135,546.0200,74,2020-02-02 12:26:56,Catalog
547813,367503549,,3329.4500,121.4800,39,2019-07-08 16:00:49, 
547815,36804-0403,,3971.5800,319.4200,18,2017-11-21 12:22:26.057000,
547827,35613-6244,,985.9700,56.4100,30,2017-11-24 10:34:47,Catalog
547855,32536,,7514.2600,1433.3400,58,2017-11-27 12:14:23.420000,
547872,35051,,3372.5913,241.6500,46,2018-03-28 14:31:25.107000,
547874,31721-2826,,2445.6200,436.2600,48,2017-12-24 14:42:04.330000,
547913,35010,,2479.7200,209.8000,36,2020-01-31 10:27:18,
547923,35213-3204,,7137.9800,517.9200,68,2017-11-06 15:57:55.090000,
547939,39114-5058,,2162.1000,255.9000,34,2018-02-07 14:49:42.277000,
547953,351246252,,2210.6075,87.0000,42,2018-02-15 10:31:08,Friend
547955,35244,,9183.5700,541.9900,56,2019-12-23 17:33:49, 
547979,36726,,299.9100,17.3900,8,2018-03-02 12:05:09,Friend
547985,36264-5223,,4510.8200,175.9600,36,2018-05-19 17:03:17.997000,
547988,35004,,3064.9000,527.7960,23,2018-03-08 12:27:42,
548017,33707,,23353.6980,4554.7730,220,2020-01-04 18:09:06,
548021,35215,,2006.4612,181.3872,48,2019-06-15 15:15:59, 
548061,35051,,1076.0285,35.2600,8,2020-04-09 07:18:46,
548067,80503-8527,,1060.9800,51.9800,14,2009-01-07 12:04:00,Internet
548075,32533,,8261.6600,1124.1200,150,2018-04-20 11:14:23.797000,
548091,39657,,181.0200,2.8200,6,2009-11-25 18:42:14,
548096,35007,,22492.8456,950.4867,170,2019-12-16 15:26:46,Catalog
548097,36080,,6138.5490,857.0074,52,2019-08-17 14:00:44, 
548104,452553179,,1755.7600,228.7496,50,2009-12-22 11:36:33.807000,Catalog
548112,36117,,345.0200,0.0000,12,2011-11-12 18:33:28.560000,Catalog
548114,35748-9721,,4082.2000,176.1000,30,2012-11-23 13:09:19.677000,
548121,35242-7050,,7558.0000,1132.4200,35,2019-07-10 15:55:02.117000,Brochure
548133,71282-5537,,5669.8800,70.2200,26,2011-01-31 19:19:58.217000,
548147,29803-5821,,8392.0200,748.9200,68,2013-09-11 09:25:38.697000,Billboard
548150,37086-2566,,4936.0800,423.5000,112,2012-05-21 12:10:11.007000,Catalog
548152,83406,,889.2600,293121.8400,14,2013-08-24 17:20:19.530000,Competitor Referral
548153,35757-6524,,3069.2200,319.1000,32,2013-09-03 14:29:04.120000,Competitor Referral
548154,35757-6932,,6398.4800,1060.9400,27,2013-09-03 16:01:46.190000,Internet
548158,35654,,8135.6600,0.0100,10,2015-06-02 14:30:59, 
548163,30043,,1268.4800,371.5100,27,2014-09-03 18:27:28.943000,Catalog
548165,35749-7302,,3132.9100,185.1800,39,2018-09-27 11:35:35.523000,
548169,32413-2844,,8336.6800,266.5700,71,2017-07-28 13:30:11.440000,
548170,301685402,,14727.5800,777.4900,107,2013-09-09 19:19:14.530000,
548173,67211-3802,,560.8800,2333.7600,15,2012-06-25 22:15:52.663000,Internet
548175,362658093,,3872.7800,126.5600,70,2013-12-31 13:48:55, 
548178,35570,,2567.0500,263.7600,33,2017-10-31 18:43:01.390000,Catalog
548184,14850,,560.9000,217.0000,6,2013-05-16 19:52:16.403000,
548196,46733,,957.9600,131.9600,8,2013-03-04 14:52:17.650000,Catalog
548198,338132534,,4299.6600,820.3200,72,2016-12-02 14:41:08.323000,Catalog
548205,32157-0306,,4441.1600,0.0000,26,2014-05-22 15:20:17.483000,
548209,601482605,,2599.4800,423.9400,16,2013-01-17 14:21:29.667000,
548212,35802,,7387.0500,335.7700,36,2018-06-27 15:59:42, 
548230,338811082,,1723.1000,121.0200,18,2013-02-04 14:29:29.637000,
548235,36203-3660,,403.1600,10.0000,10,2014-07-01 13:05:34.823000,Catalog
548242,36203-2041,,1364.4400,146.3600,20,2014-09-25 13:42:26.627000,Catalog
548246,32570-8854,,2417.3800,256.7600,20,2014-12-28 15:36:23.057000,Sign/Drive By
548273,35749,,1995.8000,30.4200,24,2015-01-22 13:41:41.467000,
548280,99577-9512,,180.9200,11.0000,6,2013-06-23 14:06:38.497000,Catalog
548281,358023781,,12154.9500,1702.0200,202,2014-11-01 12:34:44.483000,Catalog
548282,381395239,,11056.0300,40368.3800,137,2020-05-13 13:20:10.910000, 
548290,853405220,,9017.3100,3706.0500,243,2015-04-06 20:04:18.297000,Internet
548294,35967-7218,,788.7600,103.8300,12,2012-05-17 10:51:27.350000,
548297,35801-1413,,9646.4800,1953.2300,77,2019-12-19 13:28:54.293000,Internet
548300,35749-9337,,3470.2600,198.3200,56,2015-08-12 13:04:49.793000,
548304,33624,,1296.9700,387.7100,17,2016-01-03 11:38:23.963000,Catalog
548310,39443,,884.2900,23.0000,6,2016-09-20 14:17:09.887000,Catalog
548312,35594-5602,,2587.9000,140.6800,32,2015-08-03 17:47:41.130000,Friend
548330,35769-9257,,5738.7800,629.0500,16,2019-09-13 12:16:00.483000,Internet Search Engine
548331,35223-285,,1387.1900,103.9100,12,2015-09-12 12:54:34.487000, 
548341,366010123,,6613.7500,203.8500,56,2015-10-15 14:19:39.247000, 
548360,36330,,1542.8600,455.4600,22,2020-02-01 13:10:28.557000,
548366,67205-1454,,3580.7000,4.0300,29,2015-12-15 13:15:54.480000, 
548371,66536-1867,,4361.5900,354.0700,130,2015-10-23 13:37:56.943000, 
548378,352423440,,14287.4860,302.2550,112,2020-03-07 12:26:09,Catalog
548379,71105,,1391.4400,74.3000,16,2014-03-19 17:09:24,
548381,33071-6038,,29217.9200,9361.3800,480,2014-06-02 12:12:07.250000,Internet Search Engine
548384,35172-8752,,38501.3400,8954.6000,358,2015-12-03 18:00:24.290000,
548385,36201-7624,,11992.3400,508.9500,38,2018-08-22 13:21:10.577000,Yellow Pages
548387,750657671,,23803.0800,1381.2000,110,2015-12-28 13:55:34.780000,Friend
548391,356033372,,3748.5800,189.6800,42,2015-12-22 12:22:36.780000,Internet
548395,61571-9300,,788.7000,112.8000,21,2015-12-30 18:59:06.767000,Catalog
548397,35758-8307,,9834.9400,415.8000,32,2016-02-06 17:12:20.327000,Catalog
548398,35611,,3402.8600,451.8200,31,2016-01-12 19:45:18.300000, 
548406,35951-3941,,663.2000,295.1000,8,2015-12-22 18:28:43.170000,Catalog
548410,350226803,,3009.6900,44.4700,43,2015-07-21 13:06:55.610000,
548413,37074-3331,,7164.4800,374.4400,102,2013-08-09 12:53:15.297000,Catalog
548415,34472-5054,,646.4000,59.4000,32,2014-11-03 16:15:47.463000,Catalog
548434,35226,,4163.2610,1232.4200,115,2020-02-05 16:25:47, 
548435,404759612,,2670.2700,196.2900,30,2016-07-12 16:47:56,Friend
548450,35205,,1131.3900,69.4000,36,2013-06-08 10:40:23.847000, 
548452,39503-8526,,20737.0400,473.1200,320,2016-06-06 15:28:51.507000,Internet
548455,35904,,5053.7400,687.5200,34,2016-06-27 16:05:52.557000,
548458,49038-9537,,625.8400,8.0000,6,2016-07-18 10:56:02.177000,Catalog
548460,36271-9232,,9422.6400,277.7800,14,2016-07-12 15:17:20.510000,Catalog
548462,39564-4647,,2996.8400,329.6100,62,2016-08-08 16:34:48.047000,Catalog
548478,32182-0452,,3602.0000,628.6400,54,2016-07-01 11:04:15.530000,
548480,35115,,27861.0000,1670.6400,342,2016-09-06 15:15:02.037000, 
548482,981038276,,2763.9300,74.5800,39,2016-07-24 18:13:55.127000,Catalog
548485,32433,,3175.3000,344.0600,20,2016-08-06 11:39:09.980000,Catalog
548486,35803-1404,,4929.0000,1144.8823,100,2016-08-06 10:40:09.167000,Friend
548487,342434742,,3855.5100,454.6500,96,2012-06-22 12:51:17.123000,
548489,30220-1842,,1073.3900,23.7900,23,2010-06-17 11:04:31.990000, 
548491,30134-5377,,6106.9400,678.4400,49,2019-12-12 17:49:22.460000,Sign/Drive By
548495,49048,,8199.4800,980.0600,96,2014-06-19 14:21:58.297000,
548499,90278-2505,,4912.5000,419.5000,84,2016-01-13 20:22:36.543000,Catalog
548501,36695,,2222.7500,215.6000,39,2019-10-29 18:20:27.497000,
548505,30263-5366,,2267.3600,146.6000,46,2016-09-23 11:12:24.590000,
548507,36117-4119,,1065.4800,111.8400,10,2012-07-07 15:21:34.583000,
548508,300847001,,5919.8200,723.3800,50,2019-02-09 16:00:40.693000,Catalog
548511,34113,,683.6400,4.8000,18,2016-10-13 10:16:37.563000,Friend
548518,35806,,4280.7700,147557.1467,77,2014-06-14 13:17:15.067000, 
548524,35449,,14665.6800,134.1100,24,2017-10-19 13:02:51.950000,Catalog
548530,68134-2771,,986.4400,44.4000,6,2016-09-24 17:30:13.137000,Catalog
548539,33801-0542,,9466.1400,1081.6600,114,2016-12-03 11:58:24.823000,
548540,72830,,1589.6569,173.6721,38,2009-08-16 13:21:58, 
548549,35210,,16479.0145,3997.9530,186,2020-02-27 10:45:20,
548556,32444,,2279.6800,582.2800,20,2016-11-22 15:52:44.710000,Internet Search Engine
548557,33313-6003,,1871.4000,601.6800,52,2019-10-01 11:17:15.480000,
548561,363307879,,598.5800,105.9800,10,2015-03-05 12:11:49.107000,
548581,35640,,28673.2400,2727.9900,14,2014-03-04 19:34:47.450000,Catalog
548589,35209,,1921.3600,268.0000,12,2016-02-23 13:41:44.783000,Catalog
548596,35055-8247,,1259.8200,84.2400,54,2017-02-21 16:35:43.180000,
548597,35614-4011,,4847.7800,460.0800,98,2019-12-11 12:37:40.580000, 
548598,223031216,,5943.0000,1613.8800,28,2014-03-15 15:46:19.287000,
548609,35188,,24578.7400,1478.1400,284,2017-04-03 18:02:29.340000,
548615,40741-9278,,3033.7100,188.0764,34,2019-10-16 11:17:59,Woodcraft Web Site
548616,352261490,,44640.0170,11469.9300,677,2019-05-21 09:36:19,Competitor Referral
548630,35758,,4437.1200,87.4600,86,2016-05-17 13:56:23.877000,Friend
548635,35824-1306,,2620.6100,454.3400,32,2018-11-16 15:23:14,
548644,35603,,689.3800,48.6600,27,2019-01-12 18:31:04.930000,
548655,805166837,,3204.6400,137.1200,78,2014-12-27 14:52:20.230000,
548665,35901,,2890.3040,32.4000,40,2019-07-31 10:12:32,Brochure
548667,32588-1473,,3129.6400,123.8200,26,2017-10-16 18:50:25.370000,
548670,35803-1791,,16847.9600,2150.0200,142,2019-08-06 16:52:04.113000, 
548679,409061514,,5334.7500,575.0100,66,2016-01-02 17:35:21.790000,Catalog
548692,809181593,,6016.0600,504.2400,50,2015-12-28 18:19:31.903000,
548701,350104019,,5332.4800,1628402.6000,64,2017-11-18 15:13:39.437000,Catalog
548711,37849,,62864.1600,4765.2000,362,2017-06-23 13:13:54.710000,Catalog
548712,35085,,5241.3836,402.3300,70,2019-05-02 10:55:06,Friend
548714,35758,,5871.0800,422.7000,42,2017-12-10 13:30:59.053000,
548725,365077812,,2392.7450,66.8800,25,2020-02-13 09:44:21,
548734,35630,,7439.1600,1165.8600,51,2018-01-03 11:52:43.490000, 
548739,37027-2611,,16814.9000,1737.6900,286,2020-01-06 18:57:00.407000,Catalog
548749,42303,,2856.0600,20.9600,16,2017-07-22 18:07:53.117000,Catalog
548753,46112,,5982.3900,306.2900,66,2016-12-17 14:33:45.110000,Competitor Referral
548757,38654,,32761.1600,5312.2000,182,2019-12-14 11:13:12.650000,
548763,39475,,128.9900,0.0000,7,2017-10-22 11:26:19.327000, 
548764,358012531,,10820.7300,299.2000,34,2018-01-19 16:02:34.600000,Internet
548771,321627633,,11119.6000,926.1800,56,2018-02-26 10:53:42.430000,
548775,35803-1109,,293.7400,0.0000,6,2017-06-11 13:24:44.010000,Catalog
548778,35205,,382.6800,0.0000,10,2015-03-06 15:10:40,Internet Search Engine
548781,36206,,1280.0900,13.9500,18,2017-02-17 10:36:47.717000,Catalog
548785,35043,,2047.5000,20.6300,14,2018-02-17 14:46:52.097000,
548793,359060004,,4967.0600,335.0567,88,2018-03-13 15:37:07.490000, 
548804,310053664,,25011.7200,2801.7700,149,2018-04-13 18:36:06,Catalog
548810,35283,,433.8600,25.1200,9,2016-11-21 14:07:46,Catalog
548811,32506,,11989.0800,1559.3600,234,2018-04-03 20:54:53.057000,Catalog
548812,352231505,,806.8200,84.8600,19,2018-04-07 16:59:00.607000, 
548819,778453122,,21243.0100,1568.4900,83,2019-08-17 15:40:48.783000,Internet
548820,62062,,3217.9600,213.5200,72,2018-04-27 12:05:56.070000,
548851,35243,,733.7000,91.7300,45,2020-01-03 14:47:40,Friend
548873,35758,,1648.0300,176.4500,20,2018-11-12 13:28:57,
548915,35244,,1340.6500,56.8000,24,2018-12-29 14:42:32, 
548934,35054,,1935.8000,102.0400,21,2016-04-20 12:55:21,
548976,35244,,2161.3448,1603.8580,90,2019-01-30 10:22:19, 
548988,351732184,,3214.3900,304.6200,35,2017-09-07 10:27:11, 
548991,35805,,1126.4100,45.9500,26,2019-10-28 12:41:16.973000, 
548998,39402,,23254.4900,1600.8700,97,2020-01-21 12:03:47.427000, 
549001,36277,,1718.5050,91.1000,19,2017-10-17 15:15:20, 
549012,352161543,,10095.3010,931.3400,115,2020-02-19 14:35:14.783000,Catalog
549020,35022,,407.8600,14.9800,12,2015-12-22 12:11:21,
549028,351479233,,3145.0700,224.7700,24,2018-06-27 15:05:30.563000, 
549122,35242,,479.9600,5.0000,6,2015-03-08 13:38:57.090000,
549142,35080,,1180.7100,189.6100,20,2011-08-20 15:57:44,Friend
549144,350075201,,1158.4200,91.3900,30,2020-03-07 13:44:41, 
549175,35243,,6319.7200,771.8800,97,2017-03-13 15:46:10,Brochure
549187,35223,,4312.0800,328.5500,34,2019-03-05 11:06:23,Friend
549203,35802,,7730.4792,285.5200,11,2017-06-26 12:02:00,
549207,35150,,1434.0228,66.7300,13,2015-02-28 13:39:03, 
549213,35614,,2062.9930,425.6680,34,2019-09-04 11:00:09,Catalog
549238,35242,,6315.0070,322.5900,28,2016-03-18 20:04:18, 
549268,351437027,,2354.1010,171.1100,39,2019-12-29 14:17:57, 
549276,35115,,1887.7300,7.2500,23,2019-09-21 15:48:24, 
549286,35473,,420.1000,111.5800,14,2013-03-12 16:51:03, 
549331,35004,,18458.7400,512.1700,80,2018-07-07 09:41:17, 
549336,35180,,4674.4224,119.6433,34,2020-01-20 12:32:09,Billboard
549351,36078,,4946.0300,156.3800,41,2020-01-24 16:43:19,Catalog
549375,358033054,,1182.8700,145.0000,15,2014-10-25 11:14:37.833000,Catalog
549385,351732441,,1821.6820,290.9600,29,2019-10-12 12:10:14.757000,Catalog
549418,35007,,375.1200,3.2000,19,2014-09-16 11:16:47, 
549448,48189,,1239.1800,137.7500,9,2015-03-07 09:15:21,
549480,35504,,4680.0530,426.0600,40,2017-11-19 16:46:41, 
549484,35243,,6872.2000,380.7500,48,2019-11-25 16:56:48, 
549557,350077404,,1388.5300,39.2900,30,2018-10-04 12:27:02.653000,Friend
549558,38449,,2537.4100,783.8600,30,2019-12-09 16:22:09.427000, 
549573,35209,,8295.7938,1206.2100,189,2020-02-02 12:35:22, 
549605,35405,,3310.6920,143.5300,70,2019-10-01 12:24:11.617000,Catalog
549624,35235,,2765.7380,315.4900,39,2019-03-22 15:26:24,Brochure
549678,35226,,2739.1800,147.4100,18,2020-02-23 15:08:22.390000,
549690,36036,,1794.9700,354.1100,64,2020-01-31 12:46:58.240000, 
549747,35907,,6191.9700,712.9000,28,2015-11-27 12:09:32, 
549755,35124,,717.6900,147.5680,36,2016-03-25 20:56:34, 
549808,325263239,,4384.2600,103.1800,55,2017-10-21 11:07:06.403000,Friend
549820,36744,,3164.7400,193.7500,51,2020-01-16 14:46:39.403000,Catalog
549824,35213,,2734.9726,64.6550,66,2020-03-14 11:15:22, 
549860,35210,,6387.6270,635.4700,49,2020-02-29 13:40:36,Friend
549867,36109,,738.9900,17.5000,16,2019-03-06 15:07:47.540000,Catalog
549923,35242,,1235.6600,120.0300,17,2019-11-20 11:33:53,Friend
549925,35475,,885.5900,44.0000,18,2013-07-11 17:56:50,Friend
549955,36024-2854,,8874.8900,144624.4756,128,2020-01-31 19:49:13.017000,Catalog
549974,35035,,1298.6690,150.1100,33,2019-12-05 13:59:40,Friend
549983,352092036,,2034.6660,36.8500,23,2016-03-25 15:18:21, 
550004,39051-5843,,3986.5000,893.9900,37,2019-08-30 17:02:53.180000, 
550006,352095434,,937.3300,13.9600,11,2017-01-09 16:13:28, 
550033,351189603,,3394.7100,72.0600,52,2016-05-24 11:20:55, 
550051,362507205,,833.0200,20.8500,21,2016-01-29 13:20:22, 
550056,35546,,2601.9630,255.9500,44,2019-03-29 16:11:41, 
550081,35504,,3561.8410,1079.4300,31,2017-07-14 14:55:39.170000,Catalog
550082,35769,,3437.6500,29.1100,20,2018-05-30 10:32:33.190000,Catalog
550086,39701,,5500.6600,507.0700,53,2019-12-18 13:17:22.110000,Catalog
550227,64152,,1157.1520,206.8200,19,2018-10-13 13:43:44,Internet Search Engine
550230,35097-0159,,12365.7200,2022.6100,104,2019-12-23 17:32:55.580000,Friend
550237,35801-2105,,1651.0900,162.2900,25,2019-03-19 12:34:09.910000, 
550245,37087-4272,,11445.7600,1817.4400,91,2019-12-12 10:22:36.787000, 
550246,30528-3311,,403.6700,46.4700,16,2019-02-21 14:59:07.113000, 
550252,35007,,2011.2100,299.5850,52,2020-01-19 13:15:22, 
550299,35085,,1928.7200,217.0000,15,2015-10-12 18:05:48,
550307,350859107,,6812.9799,1229.0670,101,2020-01-02 16:00:28, 
550313,35071,,1105.1900,199.9900,15,2019-07-19 17:22:12,
550316,17404,,3271.0300,453.2700,68,2020-05-15 14:38:14.170000,
550378,35244,,562.6620,14.3000,8,2017-08-23 13:51:58,
550398,35080,,577.3900,42.2000,22,2011-11-11 13:02:58,
550419,281700962,,3209.1200,135.0600,21,2019-02-24 15:05:07.810000,
550428,35758,,2200.2100,220.5500,28,2020-02-01 17:42:44.597000,Sign/Drive By
550449,35243,,379.4604,0.0000,11,2019-08-09 13:55:20, 
550477,35622,,24126.4500,2599.2790,52,2019-06-06 13:40:58.087000, 
550483,36246,,5633.0100,167.4856,45,2019-12-26 10:56:04.217000,Competitor Referral
550498,35763,,7341.9600,984.1600,33,2018-10-20 14:20:57.193000,Catalog
550500,352262437,,5826.4065,833.7000,130,2020-03-09 14:24:28.140000,Catalog
550518,354523790,,2439.9800,355.1200,40,2020-01-18 16:43:44.470000,
550567,352261951,,4936.3600,832.2690,40,2018-11-06 11:49:30, 
550583,35007-9371,,14638.6000,1006.0700,92,2019-12-20 17:05:36.207000, 
550588,356483224,,5487.3200,185.7100,57,2020-05-19 13:11:43.440000,Catalog
550612,35223,,7045.9600,526.9500,20,2019-12-09 18:41:59, 
550616,35216,,13263.2000,2544.4490,174,2020-03-11 17:00:22.143000, 
550620,35022-1619,,1543.3600,204.3600,24,2019-07-20 10:49:36.833000, 
550644,28734,,1543.7600,366.0700,20,2018-11-09 12:16:58.147000, 
550648,35051,,9394.1003,652.6175,144,2020-01-31 13:57:30, 
550674,35022,,9789.6916,694.6280,127,2020-04-03 10:32:48,Friend
550683,35022,,357.7700,58.9700,11,2017-12-15 12:30:16, 
550733,35223,,3911.3100,530.1225,58,2020-02-17 14:43:03,Competitor Referral
550746,35209,,1871.5000,416.4200,20,2019-03-12 11:05:50.880000, 
550784,35216,,18688.9272,529.3300,135,2020-01-22 09:35:22.153000, 
550804,302152422,,14118.6200,1182.0400,158,2018-05-03 12:52:01.703000,Catalog
550821,234535668,,6230.0200,148.8000,174,2018-05-10 15:25:58.247000,
550825,36093-2110,,9297.3800,2700.6600,119,2020-02-08 13:23:24.097000,Sign/Drive By
550828,48446,,10243.5000,1552.1700,111,2018-05-18 12:03:22.770000,Internet Search Engine
550839,40504-1422,,4167.0800,198.6800,124,2018-05-22 12:32:47.520000,Friend
550857,35405,,274.3737,23.1650,6,2018-01-25 16:47:17,
550868,36832-7006,,928.0400,68.4200,20,2014-03-08 14:58:20.190000,
550884,35801-4156,,953.0600,44.0000,16,2018-06-01 11:38:48.177000,Catalog
550890,290367838,,2327.4200,54.1600,32,2018-06-06 14:38:40.083000,Friend
550892,35148,,301.8510,1.3500,7,2018-06-04 18:46:09,
550909,362605669,,791.2700,30.5800,30,2019-10-11 15:17:36.030000,Catalog
550915,671479037,,1648.0000,287.0200,12,2016-10-31 12:56:15.470000,Friend
550935,35244,,243.5100,5.0000,12,2018-06-20 13:59:34, 
550937,41018-1676,,8593.8800,898.7200,108,2018-06-17 11:45:59.123000,Catalog
550938,36207,,5427.8400,385.0800,41,2019-11-06 12:33:30.467000,Catalog
550939,350223802,,3933.7800,399.5100,50,2020-07-07 17:56:58.943000,Catalog
550950,363107862,,8534.7400,997.3400,30,2018-06-23 17:02:24.280000,
550953,32312-6725,,6548.0200,30.5200,84,2018-06-25 13:18:06.430000,
550972,35022,,2858.4300,405.9200,29,2019-11-02 12:15:23,Friend
550983,038332621,,6732.2200,1506.2600,48,2018-07-08 14:13:40.010000,
551002,32540,,6795.1800,235.9400,36,2018-07-17 11:16:01.120000,Catalog
551010,31721,,2254.2800,80.6800,18,2018-06-28 13:02:45.287000,Catalog
551011,45356-9305,,3256.8000,0.0000,72,2018-06-28 17:56:31.687000,
551013,30277,,1193.6250,54.0650,16,2020-01-03 14:35:14.653000,Catalog
551023,258780575,,1568.3000,320.7800,32,2018-07-14 15:11:59.880000,Catalog
551038,33414,,43919.5800,5282.1800,136,2016-11-03 13:03:12.413000,
551039,35007,,1192.2145,30.4700,27,2019-04-10 09:30:59,Friend
551043,35175,,4229.3500,238.8600,21,2018-04-28 14:13:40.260000,Sign/Drive By
551045,72955-0420,,7214.2700,291.6322,68,2015-11-09 12:05:06.913000, 
551046,35801,,3492.2500,286.7800,32,2019-05-15 15:01:40.603000,
551066,347882407,,775.7222,35.0000,16,2014-07-22 12:24:48, 
551068,973032403,,1271.2200,33.9400,13,2017-03-04 11:37:10,
551080,36207,,780.6100,91.3800,9,2019-10-12 13:54:17,
551085,70817-8917,,1648.6600,6.2400,34,2018-07-25 12:57:14.037000,Catalog
551086,36426-2900,,4948.7800,176.1600,60,2018-08-03 11:34:56.003000,
551096,36804,,632.1000,12.5000,8,2018-08-11 11:24:40.160000,
551106,35470,,9486.6000,114.3400,21,2019-03-13 09:52:10,
551113,65202-1385,,1052.3700,33.4000,24,2018-08-18 11:55:11.217000, 
551132,35749-8804,,2557.0600,161.8800,62,2018-08-24 13:42:14.510000,
551143,15317-5030,,8471.9200,8092.3200,198,2018-09-04 14:06:11.363000,
551146,34080,,393.5200,47.6400,12,2016-10-15 08:20:03,
551153,35244,,5669.5420,277.1300,27,2018-12-29 14:13:09, 
551175,350452218,,19530.4165,1341.1442,97,2019-09-11 11:45:29,Friend
551180,350226360,,1281.5200,29.6800,32,2018-10-29 10:44:38, 
551189,35226,,3125.3250,470.6789,36,2020-04-01 15:00:48,
551195,327248423,,4566.3000,82.0200,20,2017-11-25 16:53:31.057000,
551205,35128,,1100.8950,1.4000,8,2018-11-28 16:47:49, 
551234,53565,,4703.4800,339.2200,78,2018-09-19 11:39:56.673000,
551272,35953-3959,,12595.3000,1101.8600,110,2018-10-01 15:02:23.003000,
551280,35244,,3682.6790,787043.6260,74,2020-03-02 13:00:17, 
551283,36201,,13201.7000,1459.2400,191,2020-02-17 11:08:49.710000, 
551287,32580,,1280.4000,598.9400,22,2018-10-11 12:12:59.900000,
551295,350232007,,13767.6600,6341.4000,288,2019-06-01 11:53:56.120000,Friend
551298,35203,,12518.2366,1677.1060,115,2019-05-15 18:49:01, 
551304,39111-4339,,3709.2800,925.3300,35,2019-11-18 16:29:04.410000,Catalog
551308,36106,,1159.7900,26.4000,12,2019-02-06 11:50:30,Friend
551345,35115,,2700.0300,35.0800,94,2019-06-17 14:59:48,Catalog
551369,64507-2001,,21181.0500,1369.2900,207,2018-10-28 16:57:43.710000,
551387,39759,,833.1200,64.0000,12,2018-10-29 14:10:43.720000,
551399,358117122,,12634.5400,1091.4600,120,2018-11-09 13:20:39.043000,
551405,35749,,1853.2400,-4.0800,16,2018-11-08 13:15:33.990000, 
551416,44133-6187,,17659.5900,1472.9400,75,2018-11-13 17:02:40.437000,
551435,37129-1080,,11919.7600,397.4800,146,2018-11-17 17:30:34.007000,
551457,36750,,4406.8340,484.5500,35,2019-03-16 17:23:51.353000,Catalog
551458,36093,,8538.8600,1613.7800,76,2018-11-27 15:44:23.187000,
551463,288060037,,705.0600,0.0000,20,2015-08-15 13:13:52.047000,
551468,35080,,14169.7525,1194.4000,40,2018-12-01 09:47:40,Friend
551499,32615-6446,,10933.3200,766.2800,58,2018-11-30 15:26:35.663000,
551549,37043-4441,,9871.0000,2348.6800,220,2018-12-13 13:59:19.700000,
551555,35023,,6959.3070,337.0300,52,2018-12-16 17:25:20.897000,Catalog
551566,354622003,,5094.6600,0.0100,23,2019-05-06 15:29:03.550000,
551597,35124,,772.1425,67.2000,16,2019-09-14 11:02:49, 
551602,35226,,1411.6600,103.7800,25,2019-07-17 16:47:53,
551608,37922-5835,,2384.1000,380.0000,74,2018-12-19 10:43:49.717000,Friend
551632,35976,,3496.5700,53.4800,40,2020-01-06 19:31:18.143000,Catalog
551637,35210,,287.2400,41.0400,12,2019-02-12 10:09:45, 
551657,35749-4870,,2259.1000,167.5000,22,2018-12-29 16:18:40.633000,
551660,70448-6387,,8487.7000,483.2200,116,2019-01-04 15:22:56.053000,Internet
551708,28269-2220,,11177.7600,2537.4800,262,2019-01-15 11:49:03.063000,Catalog
551718,35124,,408.2000,293.0600,16,2019-01-18 14:47:16.400000,
551721,38804-8066,,15385.8300,856.2600,53,2020-02-24 14:41:39.700000,Internet
551735,36330-8036,,5729.1500,420.6423,72,2019-03-03 13:40:29.413000, 
551738,35811-9050,,5930.4500,374.0100,41,2020-03-07 17:42:09.637000, 
551757,35758-8347,,1375.9400,55.9000,20,2014-07-01 16:17:00.830000, 
551760,35769-7024,,4017.4600,185.4100,25,2019-12-27 11:25:43.843000,Friend
551769,35501,,794.4100,181.7300,15,2019-11-05 15:21:14,
551781,35645-4054,,3176.6300,618.8200,64,2019-12-18 16:10:16.423000,Friend
551802,36580,,3952.5600,566.4900,47,2016-10-29 11:00:41.377000,Catalog
551804,35756,,446.5000,8.1800,16,2019-11-21 19:01:38.490000,Internet Search Engine
551805,37129-3936,,4664.6600,175.9000,58,2016-08-13 17:07:00.373000,Sign/Drive By
551819,36420,,4265.7600,250.6000,30,2019-02-11 14:04:46.653000,Catalog
551827,36785,,3229.7240,251.3958,31,2019-12-11 09:23:22,
551830,32653-7839,,568.6200,281.0200,14,2012-03-17 12:03:30.460000,
551842,39071-9518,,2854.2000,91.2200,12,2015-01-30 13:31:34.270000,Catalog
551855,n8n1r2,,10905.5100,1376.3000,94,2020-01-13 13:08:07, 
551862,35906,,2179.2700,625.2300,32,2020-01-26 14:36:00.333000, 
551863,35749-9618,,2758.2900,74.1600,27,2017-03-20 15:47:08.163000,
551874,31904,,7880.4400,395.6900,31,2019-09-30 14:31:39,Catalog
551875,39507,,590.9600,127.5400,8,2018-07-21 12:07:30.110000,
551880,35613-2433,,4671.9200,560.8000,14,2018-06-29 12:58:30.430000,Catalog
551881,39705,,7855.4200,676.3200,19,2019-07-16 11:06:10,
551887,391836904,,28840.2600,1918.5900,150,2018-11-02 17:38:09.450000,
551888,16323-3654,,2379.4000,263.1200,24,2018-03-03 15:29:21.623000,
551891,35504,,31649.7800,6757.6200,194,2018-02-14 15:08:40.817000,
551901,37663-3951,,9518.8200,1136.2400,110,2018-10-18 12:50:31.140000,Internet
551912,46614-6318,,7399.7700,147.0600,129,2018-05-24 15:12:59.983000,
551919,35750,,3368.4300,301.2600,27,2020-02-08 16:21:41.133000,
551940,36092,,944.1760,411.5600,20,2020-01-19 16:34:49.623000,Catalog
551962,35802,,25267.7200,945.8700,107,2019-11-30 12:57:42.917000,
551966,32446,,5534.0400,35.0000,8,2019-02-04 14:15:28.397000,Catalog
552055,35210,,16215.6135,5181.8500,163,2020-02-08 15:01:25,Friend
552089,38804,,6784.4100,638.3000,99,2019-03-02 11:53:52.757000,Internet
552094,35242,,2708.6554,271.0900,74,2019-11-04 11:53:36, 
552121,42748-9722,,29512.2500,2751.2100,270,2019-11-16 17:08:59.780000,Catalog
552156,35044-1068,,1269.4100,96.1500,27,2020-01-02 14:20:53.370000,Catalog
552161,35111,,25159.6200,18334.3400,1360,2019-03-22 14:37:24.860000,Internet Search Engine
552177,32579,,404.2800,14.8400,12,2019-03-23 11:42:02.530000,
552185,32317-8534,,825.2900,94.3700,24,2019-05-17 10:28:37.497000, 
552213,35475,,15909.2100,2460.2000,94,2019-10-27 15:23:17.120000,Catalog
552255,32584,,2959.6800,161.4800,16,2019-04-12 13:46:54.137000,Sign/Drive By
552291,35180,,13956.9635,1017.9100,100,2019-09-04 12:23:37,Sign/Drive By
552299,35180,,11494.0362,580.3801,87,2019-07-25 14:28:19,Catalog
552302,35243,,1103.2500,174.1700,20,2019-06-15 12:31:53, 
552352,362687172,,4079.4800,1070.7600,66,2019-05-03 18:52:13.140000,Catalog
552368,33617,,3722.0200,447.5400,34,2019-05-09 18:43:00.107000,
552384,355786505,,4317.3500,521.5300,34,2019-06-16 14:35:00.060000,147067
552392,35007,,531.3700,36.2400,16,2019-05-11 15:17:46, 
552393,72076-3333,,7032.6200,583.7600,80,2019-05-17 11:55:22.233000,
552406,35810-6410,,3355.1900,169.7800,29,2019-05-18 14:42:01.640000,
552412,35080,,903.5305,48.3200,26,2020-03-28 10:33:59, 
552456,71270,,1675.1490,188.7000,26,2020-02-27 11:07:55, 
552471,62938,,5825.5400,1217.3400,56,2019-05-29 11:48:19.043000,
552481,92596,,1017.4500,0.0000,24,2019-06-06 13:54:53.607000,
552491,39120-2950,,2630.0120,297.1600,25,2019-06-14 19:03:21,
552493,40324,,5223.5200,518.4000,95,2020-03-14 17:11:35,Friend
552516,77521-8404,,8481.7400,73.3000,74,2019-06-15 10:31:58.993000,
552527,36083,,10043.8200,1248.7000,16,2019-06-18 17:05:11.577000,Catalog
552538,481872713,,4101.8800,801125.7100,123,2019-06-17 12:39:23.013000, 
552557,33908,,983.6600,93.0200,12,2019-06-21 13:27:47.007000,
552628,395749346,,32724.5400,631.4700,153,2019-07-10 09:33:06.450000,
552641,35406-2212,,2751.3600,146.7000,20,2019-07-06 16:02:22.657000,Catalog
552650,36117,,4946.7020,355.8200,88,2019-12-14 13:16:34, 
552654,616142176,,4224.7200,1531.3200,57,2019-07-15 15:50:43.360000,Catalog
552659,365494068,,6033.2000,402.8600,140,2019-07-16 18:19:50.300000,Brochure
552665,350574169,,11869.9400,465.3200,161,2019-02-28 11:34:08,Competitor Referral
552684,796014778,,3070.6200,219.3200,46,2018-11-03 15:20:56.580000,
552695,658042620,,621.0800,23.0000,16,2018-03-09 18:25:48.537000,
552697,35244,,1055.3758,5.5729,15,2019-07-18 14:30:30,Competitor Referral
552698,325473571,,497.0400,-9.5000,14,2017-12-16 11:25:46.313000,
552700,804651562,,441.6000,8.4000,8,2018-06-18 17:00:00.717000,Friend
552703,338805201,,3879.5400,441.9800,22,2019-07-16 11:20:27.097000,
552717,38801-8452,,329.3400,0.0000,6,2019-07-20 18:36:06.947000,Catalog
552735,70592,,3660.6800,71.1200,36,2019-07-19 15:40:04.557000,
552758,35769-3444,,6644.0193,1028.0900,46,2019-12-21 15:44:18, 
552763,423669029,,661.3400,114.9800,22,2019-07-29 16:04:54.470000,Catalog
552774,36467-1543,,33352.3500,3568.2900,146,2019-12-17 11:57:32.870000, 
552776,35222,,12437.4300,1204.6600,67,2020-03-07 11:15:36.933000,
552801,35007,,10763.9150,588.4300,204,2019-08-29 14:22:48,
552804,39110,,387.5520,19.0180,12,2019-08-02 10:51:20.700000,Internet Search Engine
552805,38826-9597,,53386.5648,2283.0800,229,2020-03-03 11:01:57.023000,Friend
552806,255411422,,8249.8200,2019.1800,132,2019-08-04 15:05:24.240000,
552810,36117,,4938.5200,684.4900,25,2019-08-10 13:36:09,Catalog
552814,35136,,299.0500,0.0000,10,2019-08-10 13:34:17,Catalog
552817,35226,,548.1100,5.5500,16,2019-08-07 11:44:24,
552823,36732,,8511.9100,975.6600,103,2019-12-13 15:14:29.117000,Friend
552843,35406,,1103.2800,71.3800,34,2019-08-15 18:20:55.137000,
552883,339508754,,7214.3000,2161.1200,30,2019-08-20 10:51:33.410000,Catalog
552890,32696,,5728.8200,480.7600,100,2019-08-24 10:48:43.523000,Sign/Drive By
552896,65737-7106,,2285.2800,98.9400,16,2019-08-24 10:57:34.650000,
552932,384017424,,3234.4200,285.3300,22,2019-09-03 12:43:47.280000,Catalog
552941,360032719,,12330.6200,1157.1000,54,2019-08-16 11:43:43.233000, 
552959,351145431,,1210.7350,278.5400,44,2019-12-24 11:01:41, 
552961,35087,,7944.8922,1059.9600,62,2019-12-22 13:10:17, 
552993,350712098,,3495.8025,469.2900,160,2019-12-17 13:50:12, 
553012,384776308,,8498.8200,1869.5800,126,2019-09-22 17:26:17.763000,
553022,49950,,3375.2600,254.7200,62,2019-09-23 10:46:49.467000, 
553028,43026-8530,,10584.8000,6822.2500,495,2019-09-20 14:40:44.290000,Sign/Drive By
553060,54476-1987,,13340.3400,2384.3100,222,2019-09-28 14:01:11.417000,
553082,35117,,940.2015,69.5300,21,2020-02-18 12:30:09,Internet
553085,342937305,,5325.3200,463.4000,51,2019-10-05 17:11:17.590000,Catalog
553121,36203,,4169.0050,328.9900,68,2020-01-07 16:31:37.087000,Catalog
553153,35150-6226,,775.9400,14.6200,14,2019-10-12 14:59:25.647000,Friend
553159,37067,,7714.0500,147455.9900,57,2019-10-15 17:39:21.370000,Sign/Drive By
553163,32317,,9822.0600,98.2200,88,2019-10-14 18:02:53.293000,
553169,30542-7710,,13948.1400,1905.4000,82,2019-10-16 16:01:41.640000,Magazine
553183,35226,,16565.3928,3303.1490,201,2019-10-19 15:57:55,Friend
553185,377424482,,210.1200,0.0000,10,2019-10-18 09:27:53.900000,
553187,323334345,,5292.9800,1214.6200,40,2019-10-19 15:34:22.527000,
553210,35115,,1901.8100,190.6600,36,2019-12-07 17:25:11,
553236,35242,,2152.9070,71.8200,36,2019-12-03 16:56:59, 
553311,354664765,,6435.1600,828.9000,80,2019-11-05 12:28:03.677000,
553353,350804015,,1490.4900,65.9900,25,2019-11-14 16:49:44,Catalog
553406,35209,,1568.7600,147.7435,21,2019-11-23 12:12:23,Internet
553410,30113-3302,,10156.2200,1631.6600,134,2019-11-20 14:28:55.523000,Friend
553412,30548-2181,,3551.9000,307.3600,68,2019-11-20 20:11:18.740000,Friend
553494,35242,,746.5667,195.9400,17,2020-03-15 15:56:50,
553502,39429,,7999.1400,1054.4400,38,2019-11-30 14:36:01.690000,
553510,40503,,1592.5400,112.1800,20,2019-11-29 19:39:34.110000,
553537,35115,,7332.5520,349.3600,12,2020-04-09 07:20:44,
553541,35111,,7141.4745,728.3800,90,2019-12-20 14:02:32.570000,Catalog
553559,35226,,788.9630,29.6700,24,2019-12-08 14:48:53,Friend
553564,346048130,,7886.7200,677.1200,100,2019-12-07 16:55:25.357000,Catalog
553566,45042,,8071.0900,2655.6300,129,2020-01-07 12:07:28.070000,Sign/Drive By
553567,358119508,,17728.3500,1528.4700,99,2019-12-06 16:22:41.187000,Catalog
553568,32405-5717,,4153.6200,1275.4400,60,2019-12-06 09:54:28.987000, 
553571,80534-8357,,136540.0514,9272.4040,1794,2020-09-26 16:04:37,Friend
553579,24701,,6211.7000,434.3600,46,2019-12-09 13:47:41.747000,Friend
553582,373854808,,15095.7200,766.0800,114,2019-12-09 09:36:06.697000,
553605,325412719,,1499.9200,149.8600,22,2019-12-12 12:19:41.933000,
553614,35603,,10909.3000,1237.8200,158,2019-12-12 16:07:09.380000,
553630,352162852,,351.9100,2.0000,16,2020-01-26 13:05:54, 
553654,30736-8082,,5590.0800,1505.8600,128,2019-12-14 17:03:40.863000,Friend
553655,49783,,1860.6300,234.9000,42,2019-12-14 14:22:12.310000,
553679,44136,,937.5600,165.9800,14,2019-12-15 13:39:41.050000,
553699,30064-4853,,6126.3400,1313.0600,116,2019-12-18 13:36:15.770000,prize registration
553735,945503353,,4045.1240,431.5900,36,2019-12-20 15:58:22.183000,Friend
553738,35085-3647,,1299.7000,266.3800,40,2019-12-21 13:04:14.497000,
553757,35173,,3555.0930,293.6600,50,2020-01-18 11:47:47, 
553783,,,2011.3600,123.4000,36,2019-12-24 14:53:22.167000,Friend
553786,352426426,,7138.3300,1569.9490,71,2019-12-26 15:35:36,Catalog
553787,35226,,17512.1403,1048.2800,172,2020-02-09 16:07:41, 
553802,35243,,9027.2820,493.1600,24,2019-12-24 14:33:20,Internet Search Engine
553826,383438642,,26879.6600,1840.7400,120,2019-12-27 16:07:36.640000,Internet Other
553837,300404299,,6255.4200,110.8800,66,2019-12-28 13:34:59.227000,
553852,39355,,23090.0400,3009.4800,120,2019-12-30 13:04:07.970000,
553920,352427079,,3614.8338,358899.6000,37,2020-03-18 14:28:12, 
553931,36561-4277,,6572.6600,296.2600,62,2020-01-07 16:39:26.930000,
553957,810073939,,1901.1600,96.7200,28,2019-03-30 13:06:00.087000,
553973,016091206,,3746.4400,293.8200,46,2017-10-21 11:36:29.340000,Internet
553987,358064836,,2380.6200,0.0000,30,2016-11-22 11:46:39.250000,
553994,35758-8518,,14543.7800,5470.6800,168,2020-01-08 14:32:36.117000,
554041,352261819,,368.9200,14.0000,9,2017-08-03 09:43:49, 
554083,84097,,6966.0600,202.8300,183,2020-01-13 13:45:04.307000,Catalog
554096,37209-3410,,141415.2000,5139.3000,528,2020-01-15 15:15:05.597000,
554103,35055,,3019.6200,465.0950,25,2020-01-18 15:36:06.550000, 
554112,47454,,20047.7400,593.1200,62,2020-01-16 14:15:27.310000,Woodcraft Web Site
554127,360678067,,4718.5000,1527.3000,50,2020-01-18 17:32:31.483000,
554136,37311-1526,,5613.4400,589.3200,122,2020-01-21 16:00:04.357000,
554164,32578,,14452.9400,2010.6000,116,2020-01-24 18:14:25.433000,
554178,40502,,6635.0500,676.6400,132,2020-01-24 11:40:09.840000,TV Ad
554179,657381224,,6109.3600,959.3400,64,2020-01-24 13:53:26.827000,Internet Vendor
554185,351162107,,10054.0000,430.8200,138,2020-01-24 13:42:27.887000,Catalog
554190,40330-7603,,20652.6300,1617.1400,85,2020-01-25 12:18:49.440000,Sign/Drive By
554213,71292-3338,,5539.8600,934.5000,82,2020-01-26 13:54:51.927000,Friend
554246,32577-9462,,7461.1000,1708587.4200,60,2020-01-31 13:02:47.033000,Internet Search Engine
554249,359514136,,6533.7500,359.7200,52,2020-02-21 15:58:45.313000,
554292,35126,,18457.5600,1834.8400,84,2020-02-03 14:20:11.907000,
554295,30230-2365,,13400.4100,1070.3800,99,2020-02-01 15:42:22.317000, 
554319,36124,,2303.5800,489.7600,52,2020-02-05 15:18:13.020000,
554335,35023,,1704.8430,385.5000,36,2020-02-18 11:57:26, 
554366,40729-0077,,12109.8400,931.8390,237,2020-02-11 11:18:48.960000,Friend
554378,39562,,24001.8000,5781.3800,304,2020-02-11 17:23:29.583000,Friend
554390,35126-3678,,15105.1280,6372.1300,132,2020-02-11 10:52:50, 
554427,53120-2575,,3386.3000,358.7600,42,2020-02-14 18:00:56.657000,Friend
554434,35216-3800,,663.7400,71.9800,12,2020-02-15 16:02:51.457000,Friend
554464,37343,,11202.8600,982.8600,272,2020-01-25 10:29:16.267000,
554465,356115425,,18712.8600,1658.9400,279,2020-02-19 15:40:40.607000,Sign/Drive By
554616,28747-5744,,30013.6400,3715.1600,122,2020-03-03 10:55:08.450000,Billboard
554693,42717,,17705.5300,1872.7900,72,2020-03-07 15:45:32.370000,
554701,357738506,,11214.6600,1652.0100,105,2020-03-06 16:54:42.290000,Friend
554707,359842929,,10450.4600,1270.7200,184,2020-02-28 14:25:46.270000,
554709,27107,,52215.9000,45049.2500,1085,2020-03-09 07:40:58.203000,Sign/Drive By
554722,35212,,3687.2400,436.1400,28,2020-03-10 12:49:41,Internet Search Engine
554735,39301,,740.6750,42.8400,22,2020-03-11 15:15:18,
554778,35226,,2514.1725,417.0100,31,2020-03-16 17:02:55,Catalog
554799,301158528,,2070.0600,383.8400,30,2020-03-11 18:59:24.293000,
554805,35016-1815,,8364.3000,657.1200,123,2020-03-12 15:04:01.927000,
554809,35043,,7750.5800,417.9200,116,2020-03-13 14:03:51.210000,
554864,35007,,10356.1680,1106.7800,97,2020-04-01 14:21:18,Catalog
554896,46062,,26219.9800,747.0800,138,2020-02-19 13:56:01.400000,
554921,36502-3422,,6583.0600,594.7600,38,2019-10-01 13:24:47.170000,
554997,29631-2833,,9318.3300,759.6800,94,2020-02-11 10:31:12.670000,Billboard
555008,351243127,,20537.2117,15699.2942,1263,2020-04-11 13:21:38,Catalog
555034,35670,,48499.6900,6223.5100,123,2018-02-04 13:36:28.020000,
555036,15129-8977,,23206.2000,812.2200,405,2019-04-10 15:09:09.317000,
555037,66701,,6626.7800,461.2500,65,2020-03-07 16:16:03.653000,Catalog
555040,32570,,2076.4000,695.7600,34,2020-01-26 16:02:32.690000,Catalog
555041,45240-3034,,70045.7300,22719.9300,1898,2020-02-21 15:16:16.957000,Sign/Drive By
555045,35053-2625,,13269.0000,112.0000,70,2020-01-08 13:56:34.503000,
555055,35146,,8233.0500,662.0400,35,2018-03-08 16:37:21.070000,
555073,35759,,17633.9600,1502.5500,68,2019-12-14 11:10:15.590000,Catalog
555082,32309-3332,,13379.4200,1512.7800,126,2020-05-30 11:41:42.770000,
555090,350940013,,5731.8400,328.6500,90,2020-02-14 13:34:15.650000,Catalog
555101,805505960,,10380.4400,1334.2700,149,2020-02-22 15:35:13.547000,Magazine
555102,96266-0077,,1371.0900,305.0100,11,2020-01-19 17:13:39.063000,
555108,41039-9002,,11741.4700,1746.0800,29,2018-10-13 11:02:25.380000,Internet Search Engine
555110,36545-2334,,23335.9100,1168.8500,124,2020-05-20 12:14:56.503000,
555115,378305610,,5010.9600,36.4000,98,2020-06-15 18:43:36.873000,Friend
555116,350570981,,1527.2700,6.0000,14,2019-12-12 12:09:35,Catalog
555128,128711741,,8930.8800,181.0000,90,2019-12-17 11:29:03.137000,Internet Search Engine
555130,453735401,,14699.0700,2044.9500,207,2017-03-06 11:43:52.223000,Sign/Drive By
555131,700372302,,583.4000,94.5000,10,2020-01-19 12:50:02.220000,Catalog
555139,37129-5804,,13926.7200,1066.9200,276,2020-02-24 12:52:47.583000,Internet
555141,45612-9776,,6586.4100,310.1200,71,2019-10-18 11:43:52.647000,
555144,83440-4373,,11883.8300,976.5000,128,2020-06-20 12:22:38.597000,
555149,37075-5214,,28410.8400,2978.9800,261,2019-06-05 12:54:52.490000,Newspaper
555151,34481,,1656.3200,147.4800,52,2020-06-29 16:41:02.123000,
555152,36265,,8903.4600,1245.2000,40,2019-12-17 13:20:13.060000,
555159,37769-5044,,9111.1600,857.6200,141,2020-01-30 15:44:22.833000,
555163,38401-5660,,31325.2200,2362.8000,588,2020-03-05 13:49:29.250000,Magazine
555167,32533-8909,,28221.7000,1978.3000,274,2020-03-15 16:58:26.200000,Catalog
555176,45430,,4389.8600,794.0200,78,2020-07-07 11:15:14.607000,
555194,78643-0921,,9217.9000,851.5800,50,2019-03-13 15:12:04.557000,Catalog
555204,19043-1401,,12170.8500,951.2700,268,2019-11-14 12:37:00.560000,Sign/Drive By
555207,350854410,,18303.5000,1339.6000,146,2020-03-05 13:30:49.553000,Catalog
555213,362668912,,3180.6600,121.1000,26,2020-02-01 17:08:34.860000,
555226,23116,,4060.6400,190.9600,130,2020-03-05 13:31:13.053000,
555229,36054,,16717.6800,738.2600,226,2020-01-18 11:37:36.047000,
555230,30534-1334,,18114.7600,867.5600,236,2019-09-14 14:19:18.020000,Sign/Drive By
555233,36106,,8762.9800,392.0800,70,2019-12-12 14:41:08.730000,
555234,33704-2714,,22644.2400,2362.5800,218,2019-12-15 11:40:25.263000,
555238,37421-2836,,9770.2100,207.1100,141,2020-03-09 12:39:41.143000,
555247,361094666,,5726.7000,966.9600,70,2020-02-03 11:50:07.710000,
555251,805388911,,5833.7900,274.6000,31,2019-06-19 19:10:49.250000,Internet
555261,393279559,,26137.7200,985.1000,90,2019-05-01 10:19:20.510000,Friend
555270,383551700,,9349.2000,458.9400,79,2020-02-18 15:49:41.757000,Friend
555298,787386560,,42540.1800,4410.9200,551,2020-01-31 14:33:38.257000,Catalog
555300,37027-8660,,5019.0400,1589.8600,96,2020-05-18 14:30:33.347000,
555310,337732327,,14701.2400,1171.5200,152,2020-03-16 15:05:52.967000,
555327,35043,,1513.4400,399.9600,36,2020-08-08 14:14:06.737000, 
555330,350621724,,6110.6400,731.8600,198,2019-12-27 18:23:33.280000,Catalog
555350,351146042,,600.1700,0.0000,9,2020-03-07 10:45:50, 
555361,352424660,,1397.7820,27.5500,18,2018-09-04 09:38:44,
555417,36572,,6688.2600,545.1000,38,2020-02-07 12:26:06.820000,Catalog
555421,66061-2998,,39448.1700,7012.2900,851,2020-09-01 15:24:41.173000,Friend
555423,39301-6808,,1477.8300,207.4800,21,2013-05-28 11:59:32.710000,Friend
555425,37760-3820,,54311.8400,4270.1300,808,2020-06-18 14:01:58.280000,
555429,35244,,4120.8600,79.1800,64,2020-01-28 18:50:07.980000,
555447,39705-9688,,21990.6800,667.5400,116,2019-12-07 14:45:28.273000,
555451,30171-1614,,13751.6200,2615.0600,187,2019-12-01 12:13:10.107000,Sales Rep
555456,362726044,,11108.9800,790.9100,67,2020-01-25 11:37:27.413000,
555460,35120-3606,,25110.3100,2570.3600,69,2018-10-06 14:55:36.210000,Friend
555476,302525059,,33059.9600,4391.4800,324,2019-12-30 10:06:11.533000,Internet
555481,80031-3718,,16797.8500,3298.8800,250,2020-01-24 15:32:01.133000,Sign/Drive By
555482,35758-1371,,14563.4000,986.6000,116,2020-02-13 12:13:59.913000,
555483,352426422,,13255.0600,773.2800,234,2020-01-05 17:29:01.243000,Competitor Referral
555485,30268,,26480.9000,2190.4600,152,2019-09-27 13:25:05.047000,Catalog
555508,30116,,15571.2800,2590.9600,212,2019-10-02 14:40:09.690000,
555517,33755,,57566.1300,38862.4000,1544,2020-03-10 12:29:00.800000,
555519,370302025,,4041.7200,148.0800,76,2020-05-14 13:29:27.713000,Catalog
555521,36067,,10225.1100,1530.8000,277,2020-01-04 13:25:16.743000,
555524,786136476,,18542.7300,1.6400,114,2018-12-14 14:55:00.330000,Competitor Referral
555539,17113-1526,,38161.5000,5084.2400,862,2020-08-12 11:07:27.380000,Catalog
555543,38847-9033,,40459.3700,2489.8500,802,2020-03-04 11:23:41.203000,Friend
555544,458569469,,12037.5935,2466.4205,162,2020-07-23 11:21:22.023000,Friend
555545,35051,,12235.6800,755.8000,70,2020-01-08 13:20:04.713000,
555560,48085-1341,,12132.5100,755.0100,219,2020-09-25 11:02:51.880000,
555603,32536,,3202.2100,319.0300,47,2020-01-21 13:27:03.130000,Catalog
555645,35124,,1549.2600,12.2600,11,2019-07-25 15:38:59,
555748,35242,,220.8900,10.2000,10,2019-12-19 16:45:53,Competitor Referral
555762,339911682,,5417.3000,666.7400,12,2015-01-28 12:14:38.040000,Sign/Drive By
555772,35761,,335.0100,2.5000,10,2017-12-15 14:04:16.640000,
555776,305133857,,499.0000,10.3600,12,2016-02-22 11:02:15.947000,Catalog
555852,38365,,1331.3000,16.0000,10,2017-09-16 10:18:40.420000,
555859,80939,,1123.1800,0.0000,10,2017-09-28 13:34:37,
555863,359763028,,678.7600,2.3500,10,2019-10-13 16:51:46.790000,
555871,35242,,309.0900,11.5000,11,2019-08-28 09:44:30,
555909,32466,,2574.8030,16.7400,9,2018-09-29 12:03:33,
555914,32526,,1306.4600,137.1400,6,2017-12-28 15:35:39.267000,Sign/Drive By
555922,35055-2113,,3434.2625,478.0575,58,2020-01-18 13:30:43.070000, 
555924,49009,,62.1200,24.0000,6,2017-12-30 17:01:50.393000,
555946,32433,,1003.7400,11.1600,10,2018-01-19 18:25:55.367000,
556005,32736,,6007.8400,241.4800,48,2016-03-02 15:12:54.110000,
556022,360542144,,7401.3200,23.0000,14,2016-05-14 11:22:44.307000,Catalog
556032,47630-3091,,1491.8300,260.7000,59,2016-11-06 12:10:17.147000,
556039,40222-6008,,10876.7200,331.8700,105,2019-10-09 16:13:19, 
556049,33761,,345.9400,13.3600,8,2017-01-16 14:33:42.840000,Catalog
556062,358080400,,2839.2000,207.2600,18,2017-09-16 13:58:51.420000,
556088,32514,,500.2000,63.0200,6,2017-04-28 13:00:07.860000,
556089,80215,,3671.3200,119.8200,50,2017-05-04 13:01:56.170000,Internet Search Engine
556091,36527,,1743.3200,160.0000,8,2015-08-10 16:53:06,
556098,71701,,599.8000,0.0000,6,2017-11-07 10:33:18,
556116,35175,,530.3200,31.9800,6,2018-03-03 17:37:18.507000,
556118,39335,,767.8600,85.9400,14,2018-03-12 10:29:13.077000,
556160,35242,,152.4600,1.6600,6,2018-12-11 15:20:24,
556377,36268,,987.3240,142.2500,13,2019-08-10 16:54:55,
556535,39059,,3531.1000,101.9100,17,2020-03-06 13:56:02,
556604,35173,,315.6700,46.4500,11,2019-12-31 10:16:28,
556614,980222386,,619.0800,19.8400,28,2014-05-24 17:08:19,
556617,28117-8422,,15781.0850,1368.1700,69,2020-06-13 15:09:41.120000,
556652,325779543,,3143.8200,574.4400,36,2018-06-28 13:05:19.770000,
556694,191071033,,493.0600,8.2000,10,2017-04-01 14:09:42.373000,
556721,32424,,819.0400,0.0000,10,2018-08-07 15:31:23.120000,Friend
556732,36352,,4237.2600,418.4200,36,2018-08-17 19:35:10.687000,
556796,404758967,,3482.8400,529.9000,68,2016-10-15 10:03:39.467000,Catalog
556902,490589332,,18163.3000,1780.1000,102,2018-09-26 11:02:03.410000,
556930,857081323,,804.9200,11.3800,18,2018-11-03 18:44:41.023000,
556932,403831903,,109.8800,0.0000,6,2016-11-06 12:53:29,
556962,325046846,,9067.6700,1740.4900,66,2018-11-23 16:43:02.567000,
556984,39307,,1262.7256,12.0000,9,2020-04-08 06:53:38,
556990,35150,,11047.6400,1709.7000,96,2018-11-28 16:34:31,
556992,325044474,,768.8200,148.8000,8,2018-12-08 16:36:27.943000,Catalog